osmid,geometry,amenity,capacity,divvy:id,name,operator,element_type,network,addr:city,addr:housenumber,addr:postcode,addr:state,addr:street,brand,brand:wikidata,brand:wikipedia,opening_hours,shop,payment:credit_cards,payment:app,payment:subscription
1488136857,POINT (-87.614492 41.89257),bicycle_rental,19,99,Lake Shore Dr & Ohio St,Divvy,node,,,,,,,,,,,,,,
2359402986,POINT (-87.6547874 41.8777261),bicycle_rental,15,21,Aberdeen St & Jackson Blvd,Divvy,node,,,,,,,,,,,,,,
2359403011,POINT (-87.6677 41.899643),bicycle_rental,15,30,Ashland Ave & Augusta Blvd,Divvy,node,,,,,,,,,,,,,,
2359403018,POINT (-87.64001500000001 41.87923),bicycle_rental,27,192,Canal St & Adams St,Divvy,node,,,,,,,,,,,,,,
2359403026,POINT (-87.6409891 41.8783906),bicycle_rental,22,638,Clinton St & Jackson Blvd,Divvy,node,,,,,,,,,,,,,,
2359403032,POINT (-87.63947 41.8807),bicycle_rental,23,191,Canal St & Monroe St,Divvy,node,,,,,,,,,,,,,,
2359403036,POINT (-87.63442879999999 41.926756),bicycle_rental,15,34,Cannon Dr & Fullerton Ave,Divvy,node,,,,,,,,,,,,,,
2359403067,POINT (-87.63387899999999 41.856802),bicycle_rental,11,218,Wells St & 19th St,Divvy,node,,,,,,,,,,,,,,
2359403073,POINT (-87.6318899 41.8845762),bicycle_rental,31,51,Clark St & Randolph St,Divvy,node,,,,,,,,,,,,,,
2359403074,POINT (-87.64154859999999 41.8856051),bicycle_rental,19,66,Clinton St & Lake St,Divvy,node,,,,,,,,,,,,,,
2359403075,POINT (-87.641082 41.8821571),bicycle_rental,23,77,Clinton St & Madison St,Divvy,node,,,,,,,,,,,,,,
2359403076,POINT (-87.6410947 41.8671323),bicycle_rental,15,57,Clinton St & Roosevelt Rd,Divvy,node,,,,,,,,,,,,,,
2359403077,POINT (-87.640795 41.875885),bicycle_rental,23,68,Clinton St & Tilden St,Divvy,node,,,,,,,,,,,,,,
2359403078,POINT (-87.6411634 41.8834589),bicycle_rental,31,91,Clinton St & Washington Blvd,Divvy,node,,,,,,,,,,,,,,
2359403079,POINT (-87.67771070000001 41.909404),bicycle_rental,19,69,Damen Ave & Pierce Ave,Divvy,node,,,,,,,,,,,,,,
2359403080,POINT (-87.64942189999999 41.910578),bicycle_rental,19,60,Dayton St & North Ave,Divvy,node,,,,,,,,,,,,,,
2359403081,POINT (-87.629791 41.8793564),bicycle_rental,19,37,Dearborn St & Adams St,Divvy,node,,,,,,,,,,,,,,
2359403082,POINT (-87.6295209 41.8813198),bicycle_rental,23,49,Dearborn St & Monroe St,Divvy,node,,,,,,,,,,,,,,
2359403083,POINT (-87.6295978 41.8841782),bicycle_rental,38,81,Daley Center Plaza,Divvy,node,,,,,,,,,,,,,,
2359403084,POINT (-87.6444479 41.888716),bicycle_rental,19,56,Desplaines St & Kinzie St,Divvy,node,,,,,,,,,,,,,,
2359403085,POINT (-87.62062 41.89186),bicycle_rental,15,24,Fairbanks Ct & Grand Ave,Divvy,node,Bixi,,,,,,,,,,,,,
2359403086,POINT (-87.6356384 41.896802),bicycle_rental,23,31,Franklin St & Chicago Ave,Divvy,node,,,,,,,,,,,,,,
2359403087,POINT (-87.6353211 41.877708),bicycle_rental,27,36,Franklin St & Jackson Blvd,Divvy,node,,,,,,,,,,,,,,
2359403088,POINT (-87.648445 41.891629),bicycle_rental,19,84,Milwaukee Ave & Grand Ave,Divvy,node,,,,,,,,,,,,,,
2359403089,POINT (-87.64661099999999 41.865861),bicycle_rental,15,55,Halsted St & James M Rochford St,Divvy,node,,,,,,,,,,,,,,
2359403090,POINT (-87.642746 41.880422),bicycle_rental,19,73,Jefferson St & Monroe St,Divvy,node,,,,,,,,,,,,,,
2359403091,POINT (-87.6418512 41.8938432),bicycle_rental,23,74,Kingsbury St & Erie St,Divvy,node,,,,,,,,,,,,,,
2359403092,POINT (-87.6305845 41.8759327),bicycle_rental,27,50,Clark St & Ida B Wells Dr,Divvy,node,,,,,,,,,,,,,,
2359403093,POINT (-87.61696999999999 41.88105),bicycle_rental,11,76,Lake Shore Dr & Monroe St,Divvy,node,,,,,,,,,,,,,,
2359403094,POINT (-87.642884 41.897764),bicycle_rental,27,48,Larrabee St & Kingsbury St,Divvy,node,Divvy,,,,,,,,,,,,,
2359403095,POINT (-87.64332 41.91468),bicycle_rental,15,28,Larrabee St & Menomonee St,Divvy,node,,,,,,,,,,,,,,
2359403096,POINT (-87.6435 41.91021),bicycle_rental,19,27,Larrabee St & North Ave,Divvy,node,Divvy,,,,,,,,,,,,,
2359403097,POINT (-87.6617217 41.8691439),bicycle_rental,15,19,Loomis St & Taylor St,Divvy,node,,,,,,,,,,,,,,
2359403099,POINT (-87.6554864 41.8694821),bicycle_rental,15,22,May St & Taylor St,Divvy,node,,,,,,,,,,,,,,
2359403100,POINT (-87.6173 41.89102),bicycle_rental,23,26,McClurg Ct & Illinois St,Divvy,node,,,,,,,,,,,,,,
2359403101,POINT (-87.6188346 41.8513752),bicycle_rental,15,62,McCormick Place,Divvy,node,,,,,,,,,,,,,,
2359403102,POINT (-87.6244334 41.8760656),bicycle_rental,15,45,Michigan Ave & Ida B Wells Dr,Divvy,node,,,,,,,,,,,,,,
2359403103,POINT (-87.6242893 41.8860581),bicycle_rental,23,52,Michigan Ave & Lake St,Divvy,node,,,,,,,,,,,,,,
2359403104,POINT (-87.6237766 41.9009604),bicycle_rental,15,85,Michigan Ave & Oak St,Divvy,node,,,,,,,,,,,,,,
2359403105,POINT (-87.62351 41.89766),bicycle_rental,23,25,Michigan Ave & Pearson St,Divvy,node,,,,,,,,,,,,,,
2359403106,POINT (-87.62406900000001 41.8833025),bicycle_rental,43,43,Michigan Ave & Washington St,Divvy,node,,,,,,,,,,,,,,
2359403107,POINT (-87.62408430000001 41.8810317),bicycle_rental,35,90,Millennium Park,Divvy,node,,,,,,,,,,,,,,
2359403108,POINT (-87.651073 41.858086),bicycle_rental,15,14,Morgan St & 18th St,Divvy,node,,,,,,,,,,,,,,
2359403109,POINT (-87.65350290000001 41.8946881),bicycle_rental,19,92,Carpenter St & Huron St,Divvy,node,,,,,,,,,,,,,,
2359403110,POINT (-87.6523049 41.8854833),bicycle_rental,15,71,Morgan St & Lake St,Divvy,node,,,,,,,,,,,,,,
2359403111,POINT (-87.61775900000001 41.865212),bicycle_rental,19,97,Field Museum,Divvy,node,,,,,,,,,,,,,,
2359403112,POINT (-87.66098390000001 41.8963734),bicycle_rental,15,86,Eckhart Park,Divvy,node,,,,,,,,,,,,,,
2359403113,POINT (-87.6626 41.90068),bicycle_rental,15,29,Noble St & Milwaukee Ave,Divvy,node,,,,,,,,,,,,,,
2359403114,POINT (-87.6540613 41.8963625),bicycle_rental,19,54,Ogden Ave & Chicago Ave,Divvy,node,,,,,,,,,,,,,,
2359403115,POINT (-87.637715 41.902924),bicycle_rental,15,23,Orleans St & Elm St,Divvy,node,,,,,,,,,,,,,,
2359403116,POINT (-87.619407 41.857611),bicycle_rental,15,338,Calumet Ave & 18th St,Divvy,node,,,,,,,,,,,,,,
2359403117,POINT (-87.65648659999999 41.8581806),bicycle_rental,15,15,Racine Ave & 18th St,Divvy,node,,,,,,,,,,,,,,
2359403118,POINT (-87.65703000000001 41.87464),bicycle_rental,19,32,Racine Ave & Congress Pkwy,Divvy,node,,,,,,,,,,,,,,
2359403119,POINT (-87.6583591 41.9255538),bicycle_rental,19,87,Racine Ave & Fullerton Ave,Divvy,node,,,,,,,,,,,,,,
2359403121,POINT (-87.6366209 41.9183118),bicycle_rental,19,94,Clark St & Armitage Ave,Divvy,node,,,,,,,,,,,,,,
2359403122,POINT (-87.65370799999999 41.9256019),bicycle_rental,15,67,Sheffield Ave & Fullerton Ave,Divvy,node,,,,,,,,,,,,,,
2359403123,POINT (-87.6534972 41.9095919),bicycle_rental,15,20,Sheffield Ave & Kingsbury St,Divvy,node,,,,,,,,,,,,,,
2359403124,POINT (-87.652855 41.913688),bicycle_rental,15,223,Sheffield Ave & Willow St,Divvy,node,,,,,,,,,,,,,,
2359403125,POINT (-87.6277292 41.8601214),bicycle_rental,15,72,State St & 16th St,Divvy,node,,,,,,,,,,,,,,
2359403126,POINT (-87.6277395 41.8739581),bicycle_rental,19,5,State St & Harrison St,Divvy,node,,,,,,,,,,,,,,
2359403128,POINT (-87.6277336 41.8847302),bicycle_rental,27,44,State St & Randolph St,Divvy,node,,,,,,,,,,,,,,
2359403129,POINT (-87.627844 41.877181),bicycle_rental,27,33,State St & Van Buren St,Divvy,node,,,,,,,,,,,,,,
2359403130,POINT (-87.622694 41.886861),bicycle_rental,19,264,Stetson Ave & South Water St,Divvy,node,,,,,,,,,,,,,,
2359403132,POINT (-87.6253371 41.8532388),bicycle_rental,15,42,Wabash Ave & Cermak Rd,Divvy,node,,,,,,,,,,,,,,
2359403133,POINT (-87.625955 41.867173),bicycle_rental,19,59,Wabash Ave & Roosevelt Rd,Divvy,node,,,,,,,,,,,,,,
2359403134,POINT (-87.634423 41.8947285),bicycle_rental,19,53,Wells St & Huron St,Divvy,node,,,,,,,,,,,,,,
2359403135,POINT (-87.6344301 41.89993),bicycle_rental,19,46,Wells St & Walton St,Divvy,node,,,,,,,,,,,,,,
2359403136,POINT (-87.6526808 41.9325001),bicycle_rental,19,13,Wilton Ave & Diversey Pkwy,Divvy,node,,,,,,,,,,,,,,
2359403138,POINT (-87.672552 41.907655),bicycle_rental,15,61,Wood St & Milwaukee Ave,Divvy,node,,,,,,,,,,,,,,
2473029113,POINT (-87.63247269999999 41.8826795),bicycle_rental,15,98,LaSalle St & Washington St,Divvy,node,,,,,,,,,,,,,,
2479668246,POINT (-87.63874319999999 41.9113071),bicycle_rental,19,118,Sedgwick St & North Ave,Divvy,node,Divvy,,,,,,,,,,,,,
2480304726,POINT (-87.666507 41.865234),bicycle_rental,15,275,Ashland Ave & 13th St,Divvy,node,,,,,,,,,,,,,,
2480304729,POINT (-87.665897 41.85381),bicycle_rental,15,208,Ashland Ave & 21st St,Divvy,node,,,,,,,,,,,,,,
2480304733,POINT (-87.668869 41.956061),bicycle_rental,11,246,Ashland Ave & Belle Plaine Ave,Divvy,node,,,,,,,,,,,,,,
2480304737,POINT (-87.667252 41.907066),bicycle_rental,15,333,Ashland Ave & Blackhawk St,Divvy,node,,,,,,,,,,,,,,
2480304742,POINT (-87.6678089 41.903454),bicycle_rental,19,210,Ashland Ave & Division St,Divvy,node,,,,,,,,,,,,,,
2480304746,POINT (-87.6666874 41.891082),bicycle_rental,15,277,Ashland Ave & Grand Ave,Divvy,node,,,,,,,,,,,,,,
2480304750,POINT (-87.66732 41.88541),bicycle_rental,19,119,Ashland Ave & Lake St,Divvy,node,,,,,,,,,,,,,,
2480304764,POINT (-87.66980700000001 41.936083),bicycle_rental,19,250,Ashland Ave & Wellington Ave,Divvy,node,,,,,,,,,,,,,,
2480304769,POINT (-87.66850700000001 41.92883),bicycle_rental,15,166,Ashland Ave & Wrightwood Ave,Divvy,node,,,,,,,,,,,,,,
2480304773,POINT (-87.65222869999999 41.9184379),bicycle_rental,15,113,Bissell St & Armitage Ave,Divvy,node,,,,,,,,,,,,,,
2480304777,POINT (-87.590368 41.802562),bicycle_rental,13,121,Blackstone Ave & Hyde Park Blvd,Divvy,node,,,,,,,,,,,,,,
2480304781,POINT (-87.661535 41.857556),bicycle_rental,15,129,Blue Island Ave & 18th St,Divvy,node,,,,,,,,,,,,,,
2480304786,POINT (-87.659637 41.972972),bicycle_rental,15,295,Broadway & Argyle St,Divvy,node,,,,,,,,,,,,,,
2480304790,POINT (-87.644094 41.937739),bicycle_rental,15,300,Broadway & Barry Ave,Divvy,node,,,,,,,,,,,,,,
2480304795,POINT (-87.65975299999999 41.978353),bicycle_rental,15,294,Broadway & Berwyn Ave,Divvy,node,,,,,,,,,,,,,,
2480304800,POINT (-87.64597999999999 41.945512),bicycle_rental,15,303,Broadway & Cornelia Ave,Divvy,node,,,,,,,,,,,,,,
2480304804,POINT (-87.6443337 41.9312508),bicycle_rental,23,220,Clark St & Drummond Pl,Divvy,node,,,,,,,,,,,,,,
2480304809,POINT (-87.64999299999999 41.952833),bicycle_rental,15,256,Broadway & Sheridan Rd,Divvy,node,,,,,,,,,,,,,,
2480304813,POINT (-87.65877399999999 41.965287),bicycle_rental,19,293,Broadway & Wilson Ave,Divvy,node,,,,,,,,,,,,,,
2480304818,POINT (-87.6974565 41.9030185),bicycle_rental,15,216,California Ave & Division St,Divvy,node,,,,,,,,,,,,,,
2480304828,POINT (-87.697153 41.922695),bicycle_rental,14,123,California Ave & Milwaukee Ave,Divvy,node,Bixi,,,,,,,,,,,,,
2480304832,POINT (-87.69715739999999 41.9104159),bicycle_rental,11,276,California Ave & North Ave,Divvy,node,,,,,,,,,,,,,,
2480304836,POINT (-87.61793 41.8349),bicycle_rental,11,149,Calumet Ave & 33rd St,Divvy,node,,,,,,,,,,,,,,
2480304840,POINT (-87.689556 41.910535),bicycle_rental,15,160,Campbell Ave & North Ave,Divvy,node,,,,,,,,,,,,,,
2480304842,POINT (-87.639566 41.874337),bicycle_rental,15,169,Canal St & Harrison St,Divvy,node,,,,,,,,,,,,,,
2480304844,POINT (-87.639833 41.882091),bicycle_rental,23,174,Canal St & Madison St,Divvy,node,,,,,,,,,,,,,,
2480304851,POINT (-87.621994 41.889875),bicycle_rental,19,196,Cityfront Plaza Dr & Pioneer Ct,Divvy,node,,,,,,,,,,,,,,
2480304855,POINT (-87.68585400000001 41.907781),bicycle_rental,11,159,Claremont Ave & Hirsch St,Divvy,node,,,,,,,,,,,,,,
2480304859,POINT (-87.649733 41.957913),bicycle_rental,15,312,Clarendon Ave & Gordon Ter,Divvy,node,,,,,,,,,,,,,,
2480304863,POINT (-87.649603 41.961004),bicycle_rental,15,245,Clarendon Ave & Junior Ter,Divvy,node,,,,,,,,,,,,,,
2480304868,POINT (-87.650001 41.967968),bicycle_rental,15,251,Clarendon Ave & Leland Ave,Divvy,node,,,,,,,,,,,,,,
2480304872,POINT (-87.630931 41.896544),bicycle_rental,19,337,Clark St & Chicago Ave,Divvy,node,,,,,,,,,,,,,,
2480304876,POINT (-87.6313227 41.9029296),bicycle_rental,19,176,Clark St & Elm St,Divvy,node,,,,,,,,,,,,,,
2480304880,POINT (-87.667429 41.967096),bicycle_rental,11,326,Clark St & Leland Ave,Divvy,node,,,,,,,,,,,,,,
2480304884,POINT (-87.63460000000001 41.915689),bicycle_rental,19,141,Clark St & Lincoln Ave,Divvy,node,,,,,,,,,,,,,,
2480304893,POINT (-87.66620690000001 41.9615526),bicycle_rental,19,234,Clark St & Montrose Ave,Divvy,node,,,,,,,,,,,,,,
2480304897,POINT (-87.63184099999999 41.911791),bicycle_rental,15,126,Clark St & North Ave,Divvy,node,,,,,,,,,,,,,,
2480304901,POINT (-87.631501 41.907993),bicycle_rental,19,301,Clark St & Schiller St,Divvy,node,,,,,,,,,,,,,,
2480304910,POINT (-87.6475387 41.9364968),bicycle_rental,15,156,Clark St & Wellington Ave,Divvy,node,,,,,,,,,,,,,,
2480304914,POINT (-87.66836499999999 41.973385),bicycle_rental,15,325,Clark St & Winnemac Ave,Divvy,node,,,,,,,,,,,,,,
2480304917,POINT (-87.656936 41.918216),bicycle_rental,15,223,Clifton Ave & Armitage Ave,Divvy,node,,,,,,,,,,,,,,
2480304919,POINT (-87.640826 41.85795),bicycle_rental,15,170,Clinton St & 18th St,Divvy,node,,,,,,,,,,,,,,
2480304921,POINT (-87.6404612 41.9045257),bicycle_rental,15,138,Clybourn Ave & Division St,Divvy,node,,,,,,,,,,,,,,
2480304930,POINT (-87.67328000000001 41.87501),bicycle_rental,15,122,Ogden Ave & Congress Pkwy,Divvy,node,,,,,,,,,,,,,,
2480304934,POINT (-87.606582 41.816499),bicycle_rental,11,271,Cottage Grove Ave & 43rd St,Divvy,node,,,,,,,,,,,,,,
2480304938,POINT (-87.6071 41.822985),bicycle_rental,15,265,Cottage Grove Ave & Oakwood Blvd,Divvy,node,,,,,,,,,,,,,,
2480304947,POINT (-87.67785499999999 41.920082),bicycle_rental,11,310,Damen Ave & Charleston St,Divvy,node,,,,,,,,,,,,,,
2480304951,POINT (-87.67722000000001 41.895769),bicycle_rental,15,128,Damen Ave & Chicago Ave,Divvy,node,,,,,,,,,,,,,,
2480304956,POINT (-87.67741100000001 41.916027),bicycle_rental,11,219,Damen Ave & Cortland Ave,Divvy,node,,,,,,,,,,,,,,
2480304960,POINT (-87.67564 41.8492),bicycle_rental,11,167,Damen Ave & Coulter St,Divvy,node,,,,,,,,,,,,,,
2480304965,POINT (-87.675726 41.855048),bicycle_rental,15,124,Damen Ave & Cullerton St,Divvy,node,,,,,,,,,,,,,,
2480304969,POINT (-87.67823970000001 41.9032712),bicycle_rental,15,130,Damen Ave & Division St,Divvy,node,,,,,,,,,,,,,,
2480304973,POINT (-87.67686 41.89122),bicycle_rental,15,214,Damen Ave & Grand Ave,Divvy,node,,,,,,,,,,,,,,
2480304978,POINT (-87.679028 41.967094),bicycle_rental,15,242,Damen Ave & Leland Ave,Divvy,node,,,,,,,,,,,,,,
2480304982,POINT (-87.6748879 41.8814178),bicycle_rental,15,215,Damen Ave & Madison St,Divvy,node,,,,,,,,,,,,,,
2480304987,POINT (-87.6785 41.9406),bicycle_rental,11,228,Damen Ave & Melrose Ave,Divvy,node,,,,,,,,,,,,,,
2480304991,POINT (-87.679258 41.96325),bicycle_rental,19,316,Damen Ave & Sunnyside Ave,Divvy,node,,,,,,,,,,,,,,
2480304996,POINT (-87.67842 41.93588),bicycle_rental,15,162,Damen Ave & Wellington Ave,Divvy,node,,,,,,,,,,,,,,
2480305000,POINT (-87.62992800000001 41.899007),bicycle_rental,19,140,Dearborn Pkwy & Delaware Pl,Divvy,node,,,,,,,,,,,,,,
2480305004,POINT (-87.63625 41.932684),bicycle_rental,15,329,Lake Shore Dr & Diversey Pkwy,Divvy,node,,,,,,,,,,,,,,
2480305018,POINT (-87.645368 41.84358),bicycle_rental,15,207,Emerald Ave & 28th St,Divvy,node,,,,,,,,,,,,,,
2480305022,POINT (-87.645143 41.838198),bicycle_rental,11,339,Emerald Ave & 31st St,Divvy,node,,,,,,,,,,,,,,
2480305027,POINT (-87.6081885 41.838504),bicycle_rental,11,150,Fort Dearborn Dr & 31st St,Divvy,node,,,,,,,,,,,,,,
2480305033,POINT (-87.63549999999999 41.885837),bicycle_rental,23,164,Franklin St & Lake St,Divvy,node,,,,,,,,,,,,,,
2480305039,POINT (-87.648684 41.884078),bicycle_rental,15,112,Green St & Randolph St,Divvy,node,,,,,,,,,,,,,,
2480305043,POINT (-87.66593899999999 41.932595),bicycle_rental,15,319,Greenview Ave & Diversey Pkwy,Divvy,node,,,,,,,,,,,,,,
2480305047,POINT (-87.6658295 41.925326),bicycle_rental,11,188,Greenview Ave & Fullerton Ave,Divvy,node,,,,,,,,,,,,,,
2480305051,POINT (-87.599383 41.809835),bicycle_rental,15,252,Greenwood Ave & 47th St,Divvy,node,,,,,,,,,,,,,,
2480305056,POINT (-87.646277 41.857499),bicycle_rental,15,202,Halsted St & 18th St,Divvy,node,,,,,,,,,,,,,,
2480305060,POINT (-87.64664999999999 41.85378),bicycle_rental,11,135,Halsted St & 21st St,Divvy,node,,,,,,,,,,,,,,
2480305064,POINT (-87.647172 41.830661),bicycle_rental,15,279,Halsted St & 35th St,Divvy,node,,,,,,,,,,,,,,
2480305070,POINT (-87.64580100000001 41.827071),bicycle_rental,11,262,Halsted St & 37th St,Divvy,node,,,,,,,,,,,,,,
2480305074,POINT (-87.646795 41.847203),bicycle_rental,15,206,Halsted St & Archer Ave,Divvy,node,,,,,,,,,,,,,,
2480305079,POINT (-87.6481174 41.909554),bicycle_rental,19,331,Halsted St & Clybourn Ave,Divvy,node,,,,,,,,,,,,,,
2480305084,POINT (-87.64883 41.919936),bicycle_rental,15,225,Halsted St & Dickens Ave,Divvy,node,,,,,,,,,,,,,,
2480305088,POINT (-87.648747 41.933341),bicycle_rental,15,332,Halsted St & Diversey Pkwy,Divvy,node,,,,,,,,,,,,,,
2480305093,POINT (-87.64877629999999 41.8818239),bicycle_rental,19,198,Green St & Madison St,Divvy,node,,,,,,,,,,,,,,
2480305097,POINT (-87.64693 41.86458),bicycle_rental,15,282,Halsted St & Maxwell St,Divvy,node,,,,,,,,,,,,,,
2480305102,POINT (-87.64664 41.87184),bicycle_rental,19,108,Halsted St & Polk St,Divvy,node,,,,,,,,,,,,,,
2480305106,POINT (-87.648917 41.943662),bicycle_rental,15,299,Halsted St & Roscoe St,Divvy,node,,,,,,,,,,,,,,
2480305111,POINT (-87.64963400000001 41.949333),bicycle_rental,15,304,Halsted St & Waveland Ave,Divvy,node,,,,,,,,,,,,,,
2480305115,POINT (-87.6485646 41.9138225),bicycle_rental,19,224,Halsted St & Willow St,Divvy,node,,,,,,,,,,,,,,
2480305119,POINT (-87.66988600000001 41.871514),bicycle_rental,15,261,Hermitage Ave & Polk St,Divvy,node,,,,,,,,,,,,,,
2480305124,POINT (-87.62248 41.8457),bicycle_rental,15,147,Indiana Ave & 26th St,Divvy,node,,,,,,,,,,,,,,
2480305128,POINT (-87.62185700000001 41.838842),bicycle_rental,11,272,Indiana Ave & 31st St,Divvy,node,,,,,,,,,,,,,,
2480305131,POINT (-87.6213894 41.8216571),bicycle_rental,15,201,Indiana Ave & 40th St,Divvy,node,,,,,,,,,,,,,,
2480305135,POINT (-87.623041 41.867888),bicycle_rental,19,255,Indiana Ave & Roosevelt Rd,Divvy,node,,,,,,,,,,,,,,
2480305139,POINT (-87.707857 41.929567),bicycle_rental,19,260,Kedzie Ave & Milwaukee Ave,Divvy,node,,,,,,,,,,,,,,
2480305144,POINT (-87.594747 41.799568),bicycle_rental,19,322,Kimbark Ave & 53rd St,Divvy,node,,,,,,,,,,,,,,
2480305146,POINT (-87.61627900000001 41.809851),bicycle_rental,11,200,MLK Jr Dr & 47th St,Divvy,node,,,,,,,,,,,,,,
2480305147,POINT (-87.63206 41.890749),bicycle_rental,19,181,LaSalle St & Illinois St,Divvy,node,,,,,,,,,,,,,,
2480305151,POINT (-87.631985 41.87817),bicycle_rental,23,283,LaSalle St & Jackson Blvd,Divvy,node,,,,,,,,,,,,,,
2480305155,POINT (-87.591875 41.809443),bicycle_rental,15,267,Lake Park Ave & 47th St,Divvy,node,,,,,,,,,,,,,,
2480305159,POINT (-87.63919199999999 41.940775),bicycle_rental,19,334,Lake Shore Dr & Belmont Ave,Divvy,node,,,,,,,,,,,,,,
2480305164,POINT (-87.62680400000001 41.911722),bicycle_rental,15,268,Lake Shore Dr & North Blvd,Divvy,node,,,,,,,,,,,,,,
2480305168,POINT (-87.642183 41.946166),bicycle_rental,19,296,Lake Shore Dr & Stratford Pl,Divvy,node,,,,,,,,,,,,,,
2480305172,POINT (-87.63679399999999 41.936669),bicycle_rental,15,157,Lake Shore Dr & Wellington Ave,Divvy,node,,,,,,,,,,,,,,
2480305176,POINT (-87.63897299999999 41.925858),bicycle_rental,19,313,Lakeview Ave & Fullerton Pkwy,Divvy,node,,,,,,,,,,,,,,
2480305180,POINT (-87.64368 41.91797),bicycle_rental,11,288,Larrabee St & Armitage Ave,Divvy,node,,,,,,,,,,,,,,
2480305184,POINT (-87.6440695 41.921821),bicycle_rental,15,144,Larrabee St & Webster Ave,Divvy,node,,,,,,,,,,,,,,
2480305192,POINT (-87.68243699999999 41.917805),bicycle_rental,11,309,Leavitt St & Armitage Ave,Divvy,node,,,,,,,,,,,,,,
2480305201,POINT (-87.68226439999999 41.9101626),bicycle_rental,11,213,Leavitt St & North Ave,Divvy,node,,,,,,,,,,,,,,
2480305205,POINT (-87.67330800000001 41.946176),bicycle_rental,15,330,Lincoln Ave & Addison St,Divvy,node,,,,,,,,,,,,,,
2480305209,POINT (-87.6803171 41.9560354),bicycle_rental,15,298,Lincoln Ave & Belle Plaine Ave,Divvy,node,,,,,,,,,,,,,,
2480305214,POINT (-87.6682778 41.9393041),bicycle_rental,15,131,Lincoln Ave & Belmont Ave,Divvy,node,,,,,,,,,,,,,,
2480305218,POINT (-87.65861700000001 41.932225),bicycle_rental,15,152,Lincoln Ave & Diversey Pkwy,Divvy,node,,,,,,,,,,,,,,
2480305222,POINT (-87.6840023 41.9688275),bicycle_rental,20,311,Leavitt St & Lawrence Ave,Divvy,node,,,,,,,,,,,,,,
2480305233,POINT (-87.67097 41.94334),bicycle_rental,19,230,Lincoln Ave & Roscoe St,Divvy,node,,,,,,,,,,,,,,
2480305234,POINT (-87.685126 41.930584),bicycle_rental,19,258,Logan Blvd & Elston Ave,Divvy,node,,,,,,,,,,,,,,
2480305236,POINT (-87.662007 41.877945),bicycle_rental,11,146,Loomis St & Jackson Blvd,Divvy,node,,,,,,,,,,,,,,
2480305240,POINT (-87.617 41.842052),bicycle_rental,15,237,MLK Jr Dr & 29th St,Divvy,node,,,,,,,,,,,,,,
2480305244,POINT (-87.6166221 41.8242768),bicycle_rental,10,13420,MLK Jr Dr & Pershing Rd,Divvy,node,,,,,,,,,,,,,,
2480305253,POINT (-87.65538599999999 41.871662),bicycle_rental,15,320,May St & Polk St,Divvy,node,,,,,,,,,,,,,,
2480305257,POINT (-87.623727 41.864059),bicycle_rental,19,168,Michigan Ave & 14th St,Divvy,node,,,,,,,,,,,,,,
2480305261,POINT (-87.623633 41.857937),bicycle_rental,15,273,Michigan Ave & 18th St,Divvy,node,,,,,,,,,,,,,,
2480305265,POINT (-87.62408000000001 41.87785),bicycle_rental,23,284,Michigan Ave & Jackson Blvd,Divvy,node,,,,,,,,,,,,,,
2480305270,POINT (-87.621743 41.89691),bicycle_rental,15,173,Mies van der Rohe Way & Chicago Ave,Divvy,node,,,,,,,,,,,,,,
2480305274,POINT (-87.693033 41.920195),bicycle_rental,19,222,Milwaukee Ave & Rockwell St,Divvy,node,,,,,,,,,,,,,,
2480305278,POINT (-87.681391 41.912616),bicycle_rental,15,158,Milwaukee Ave & Wabansia Ave,Divvy,node,,,,,,,,,,,,,,
2480305282,POINT (-87.638181 41.963982),bicycle_rental,15,249,Montrose Harbor,Divvy,node,,,,,,,,,,,,,,
2480305287,POINT (-87.651062 41.862378),bicycle_rental,15,137,Morgan Ave & 14th Pl,Divvy,node,,,,,,,,,,,,,,
2480305291,POINT (-87.6512321 41.8377876),bicycle_rental,11,280,Morgan St & 31st St,Divvy,node,,,,,,,,,,,,,,
2480305295,POINT (-87.65103000000001 41.871737),bicycle_rental,15,241,Morgan St & Polk St,Divvy,node,,,,,,,,,,,,,,
2480305300,POINT (-87.640591 41.849527),bicycle_rental,11,209,Normal Ave & Archer Ave,Divvy,node,,,,,,,,,,,,,,
2480305302,POINT (-87.6587593 41.8917355),bicycle_rental,15,186,Ogden Ave & Race Ave,Divvy,node,,,,,,,,,,,,,,
2480305303,POINT (-87.63639000000001 41.888243),bicycle_rental,23,100,Orleans St & Merchandise Mart Plaza,Divvy,node,,,,,,,,,,,,,,
2480305304,POINT (-87.668745 41.857901),bicycle_rental,15,205,Paulina St & 18th St,Divvy,node,,,,,,,,,,,,,,
2480305306,POINT (-87.671387 41.961507),bicycle_rental,15,297,Paulina St & Montrose Ave,Divvy,node,,,,,,,,,,,,,,
2480305307,POINT (-87.64963299999999 41.877749),bicycle_rental,19,134,Peoria St & Jackson Blvd,Divvy,node,,,,,,,,,,,,,,
2480305309,POINT (-87.648043 41.954383),bicycle_rental,15,254,Pine Grove Ave & Irving Park Rd,Divvy,node,,,,,,,,,,,,,,
2480305310,POINT (-87.6186919 41.7948343),bicycle_rental,15,204,Prairie Ave & Garfield Blvd,Divvy,node,,,,,,,,,,,,,,
2480305311,POINT (-87.656959 41.865054),bicycle_rental,15,136,Racine Ave & 13th St,Divvy,node,,,,,,,,,,,,,,
2480305312,POINT (-87.65662500000001 41.861267),bicycle_rental,15,274,Racine Ave & 15th St,Divvy,node,,,,,,,,,,,,,,
2480305313,POINT (-87.65893 41.93979),bicycle_rental,15,226,Racine Ave & Belmont Ave,Divvy,node,,,,,,,,,,,,,,
2480305316,POINT (-87.67356700000001 41.957921),bicycle_rental,15,314,Ravenswood Ave & Berteau Ave,Divvy,node,,,,,,,,,,,,,,
2480305321,POINT (-87.67393 41.95469),bicycle_rental,19,244,Ravenswood Ave & Irving Park Rd,Divvy,node,,,,,,,,,,,,,,
2480305329,POINT (-87.613533 41.836208),bicycle_rental,11,263,Rhodes Ave & 32nd St,Divvy,node,,,,,,,,,,,,,,
2480305334,POINT (-87.65114800000001 41.883004),bicycle_rental,15,233,Sangamon St & Washington Blvd,Divvy,node,,,,,,,,,,,,,,
2480305338,POINT (-87.638437 41.894666),bicycle_rental,19,111,Sedgwick St & Huron St,Divvy,node,,,,,,,,,,,,,,
2480305343,POINT (-87.63851699999999 41.907576),bicycle_rental,15,236,Sedgwick St & Schiller St,Divvy,node,,,,,,,,,,,,,,
2480305347,POINT (-87.6388967 41.9221396),bicycle_rental,15,143,Sedgwick St & Webster Ave,Divvy,node,,,,,,,,,,,,,,
2480305352,POINT (-87.679618 41.943403),bicycle_rental,11,308,Seeley Ave & Roscoe St,Divvy,node,,,,,,,,,,,,,,
2480305361,POINT (-87.65371399999999 41.921687),bicycle_rental,19,327,Sheffield Ave & Webster Ave,Divvy,node,,,,,,,,,,,,,,
2480305366,POINT (-87.653566 41.936253),bicycle_rental,23,115,Sheffield Ave & Wellington Ave,Divvy,node,,,,,,,,,,,,,,
2480305371,POINT (-87.65383300000001 41.928712),bicycle_rental,19,302,Sheffield Ave & Wrightwood Ave,Divvy,node,,,,,,,,,,,,,,
2480305374,POINT (-87.654455 41.958404),bicycle_rental,15,306,Sheridan Rd & Buena Ave,Divvy,node,,,,,,,,,,,,,,
2480305375,POINT (-87.65443500000001 41.9543201),bicycle_rental,11,240,Sheridan Rd & Irving Park Rd,Divvy,node,,,,,,,,,,,,,,
2480305379,POINT (-87.654691 41.969517),bicycle_rental,15,323,Sheridan Rd & Lawrence Ave,Divvy,node,,,,,,,,,,,,,,
2480305383,POINT (-87.6546421 41.9619208),bicycle_rental,15,231,Sheridan Rd & Montrose Ave,Divvy,node,,,,,,,,,,,,,,
2480305388,POINT (-87.580715 41.795212),bicycle_rental,19,247,Shore Drive & 55th St,Divvy,node,,,,,,,,,,,,,,
2480305392,POINT (-87.6636948 41.9394986),bicycle_rental,15,154,Southport Ave & Belmont Ave,Divvy,node,,,,,,,,,,,,,,
2480305402,POINT (-87.664199 41.957081),bicycle_rental,11,292,Southport Ave & Clark St,Divvy,node,,,,,,,,,,,,,,
2480305411,POINT (-87.66435799999999 41.954177),bicycle_rental,15,318,Southport Ave & Irving Park Rd,Divvy,node,,,,,,,,,,,,,,
2480305416,POINT (-87.66401999999999 41.943739),bicycle_rental,19,229,Southport Ave & Roscoe St,Divvy,node,,,,,,,,,,,,,,
2480305420,POINT (-87.66394 41.94815),bicycle_rental,15,227,Southport Ave & Waveland Ave,Divvy,node,,,,,,,,,,,,,,
2480305425,POINT (-87.66370000000001 41.93584),bicycle_rental,19,153,Southport Ave & Wellington Ave,Divvy,node,,,,,,,,,,,,,,
2480305429,POINT (-87.66316999999999 41.92888),bicycle_rental,15,190,Southport Ave & Wrightwood Ave,Divvy,node,,,,,,,,,,,,,,
2480305435,POINT (-87.622663 41.894448),bicycle_rental,19,211,St Clair St & Erie St,Divvy,node,,,,,,,,,,,,,,
2480305439,POINT (-87.62754200000001 41.856594),bicycle_rental,15,178,State St & 19th St,Divvy,node,,,,,,,,,,,,,,
2480305440,POINT (-87.626938 41.841707),bicycle_rental,14,193,State St & 29th St,Divvy,node,,,,,,,,,,,,,,
2480305441,POINT (-87.62581299999999 41.834734),bicycle_rental,11,148,State St & 33rd St,Divvy,node,,,,,,,,,,,,,,
2480305442,POINT (-87.62688 41.83104),bicycle_rental,19,184,State St & 35th St,Divvy,node,,,,,,,,,,,,,,
2480305444,POINT (-87.6277 41.88918),bicycle_rental,15,47,State St & Kinzie St,Divvy,node,,,,,,,,,,,,,,
2480305445,POINT (-87.628722 41.897448),bicycle_rental,27,106,State St & Pearson St,Divvy,node,,,,,,,,,,,,,,
2480305446,POINT (-87.62775000000001 41.887155),bicycle_rental,11,194,State St & Wacker Dr,Divvy,node,,,,,,,,,,,,,,
2480305447,POINT (-87.6914392 41.9177255),bicycle_rental,11,185,Stave St & Armitage Ave,Divvy,node,,,,,,,,,,,,,,
2480305448,POINT (-87.63083399999999 41.926277),bicycle_rental,23,177,Theater on the Lake,Divvy,node,,,,,,,,,,,,,,
2480305449,POINT (-87.6258028 41.8708406),bicycle_rental,19,321,Wabash Ave & 9th St,Divvy,node,,,,,,,,,,,,,,
2480305450,POINT (-87.626937 41.891738),bicycle_rental,15,199,Wabash Ave & Grand Ave,Divvy,node,,,,,,,,,,,,,,
2480305451,POINT (-87.62511979999999 41.8821536),bicycle_rental,19,197,Michigan Ave & Madison St,Divvy,node,,,,,,,,,,,,,,
2480305452,POINT (-87.6413088 41.830621),bicycle_rental,15,278,Wallace St & 35th St,Divvy,node,,,,,,,,,,,,,,
2480305453,POINT (-87.634664 41.912202),bicycle_rental,19,289,Wells St & Concord Ln,Divvy,node,,,,,,,,,,,,,,
2480305454,POINT (-87.63482999999999 41.906724),bicycle_rental,19,291,Wells St & Evergreen Ave,Divvy,node,,,,,,,,,,,,,,
2480305455,POINT (-87.633985 41.892238),bicycle_rental,19,212,Wells St & Ohio St,Divvy,node,,,,,,,,,,,,,,
2480305456,POINT (-87.633523 41.872373),bicycle_rental,19,175,Wells St & Polk St,Divvy,node,,,,,,,,,,,,,,
2480305457,POINT (-87.631715 41.849237),bicycle_rental,15,132,Wentworth Ave & 24th St,Divvy,node,,,,,,,,,,,,,,
2480305458,POINT (-87.63193699999999 41.854564),bicycle_rental,15,120,Wentworth Ave & Archer Ave,Divvy,node,,,,,,,,,,,,,,
2480305459,POINT (-87.685243 41.85394),bicycle_rental,15,203,Western Ave & 21st St,Divvy,node,,,,,,,,,,,,,,
2480305460,POINT (-87.685109 41.84847),bicycle_rental,15,281,Western Ave & 24th St,Divvy,node,,,,,,,,,,,,,,
2480305461,POINT (-87.687275 41.902893),bicycle_rental,15,305,Western Ave & Division St,Divvy,node,,,,,,,,,,,,,,
2480305462,POINT (-87.6884471 41.9665049),bicycle_rental,20,239,Western Ave & Leland Ave,Divvy,node,,,,,,,,,,,,,,
2480305463,POINT (-87.687051 41.915533),bicycle_rental,15,116,Western Ave & Winnebago Ave,Divvy,node,,,,,,,,,,,,,,
2480305464,POINT (-87.6529767 41.940127),bicycle_rental,23,117,Wilton Ave & Belmont Ave,Divvy,node,,,,,,,,,,,,,,
2480305466,POINT (-87.67104500000001 41.869154),bicycle_rental,15,317,Wood St & Taylor St,Divvy,node,,,,,,,,,,,,,,
2480305467,POINT (-87.59647099999999 41.795264),bicycle_rental,19,248,Woodlawn Ave & 55th St,Divvy,node,,,,,,,,,,,,,,
2480305468,POINT (-87.64972849999999 41.8748253),bicycle_rental,19,109,900 W Harrison,Divvy,node,,,,,,,,,,,,,,
2568328256,POINT (-87.66120600000001 41.88283),bicycle_rental,15,346,Ada St & Washington Blvd,Divvy,node,,,,,,,,,,,,,,
2568328257,POINT (-87.60726699999999 41.866095),bicycle_rental,19,341,Adler Planetarium,Divvy,node,,,,,,,,,,,,,,
2568328258,POINT (-87.66774700000001 41.895966),bicycle_rental,15,350,Ashland Ave & Chicago Ave,Divvy,node,,,,,,,,,,,,,,
2568328259,POINT (-87.6687 41.950687),bicycle_rental,15,347,Ashland Ave & Grace St,Divvy,node,,,,,,,,,,,,,,
2568328260,POINT (-87.69544500000001 41.854016),bicycle_rental,15,348,California Ave & 21st St,Divvy,node,,,,,,,,,,,,,,
2568328261,POINT (-87.61803399999999 41.831379),bicycle_rental,15,335,Calumet Ave & 35th St,Divvy,node,,,,,,,,,,,,,,
2568328262,POINT (-87.643118 41.929546),bicycle_rental,15,340,Clark St & Wrightwood Ave,Divvy,node,,,,,,,,,,,,,,
2568328263,POINT (-87.60675500000001 41.809855),bicycle_rental,15,336,Cottage Grove Ave & 47th St,Divvy,node,,,,,,,,,,,,,,
2568328264,POINT (-87.60661500000001 41.803038),bicycle_rental,15,351,Cottage Grove Ave & 51st St,Divvy,node,,,,,,,,,,,,,,
2568328265,POINT (-87.64907700000001 41.929143),bicycle_rental,15,349,Halsted St & Wrightwood Ave,Divvy,node,,,,,,,,,,,,,,
2568328266,POINT (-87.707322 41.921525),bicycle_rental,15,290,Kedzie Ave & Palmer Ct,Divvy,node,,,,,,,,,,,,,,
2568328267,POINT (-87.587782 41.793242),bicycle_rental,19,345,Lake Park Ave & 56th St,Divvy,node,,,,,,,,,,,,,,
2568328268,POINT (-87.64926 41.925905),bicycle_rental,15,127,Lincoln Ave & Fullerton Ave,Divvy,node,,,,,,,,,,,,,,
2568328269,POINT (-87.65897099999999 41.928887),bicycle_rental,15,343,Racine Ave & Wrightwood Ave,Divvy,node,,,,,,,,,,,,,,
2568328270,POINT (-87.63874199999999 41.93132),bicycle_rental,15,324,Stockton Dr & Wrightwood Ave,Divvy,node,,,,,,,,,,,,,,
2568328271,POINT (-87.67425160000001 41.9690835),bicycle_rental,20,344,Ravenswood Ave & Lawrence Ave,Divvy,node,,,,,,,,,,,,,,
2568328272,POINT (-87.673688 41.871262),bicycle_rental,15,342,Wolcott Ave & Polk St,Divvy,node,,,,,,,,,,,,,,
3032306678,POINT (-87.6013049 41.78875),bicycle_rental,19,328,Ellis Ave & 58th St,Divvy,node,,,,,,,,,,,,,,
3032306679,POINT (-87.663257 41.921004),bicycle_rental,15,307,Southport Ave & Clybourn Ave,Divvy,node,,,,,,,,,,,,,,
3191088171,POINT (-87.6687848 41.9160622),bicycle_rental,20,,Marshfield Ave & Cortland St,Divvy,node,,,,,,,,,,,,,,
3474975135,POINT (-87.6532654 41.9251419),,,,Whole Foods Market,Whole Foods,node,,Chicago,959,60614,Illinois,West Fullerton Avenue,Whole Foods Market,Q1809448,en:Whole Foods Market,mo- su 8:00 - 22:00,supermarket,,,
3574942643,POINT (-87.7154736 41.9244738),bicycle_rental,15,,Drake Ave & Fullerton Ave,Divvy,node,Divvy,,,,,,,,,,,,,
3574948810,POINT (-87.7239976 41.9306048),bicycle_rental,15,,Kosciuszko Park,Divvy,node,Bixi,,,,,,,,,,,,,
3574951304,POINT (-87.72357599999999 41.939309),bicycle_rental,19,,Avers Ave & Belmont Ave,Divvy,node,Divvy,,,,,,,,,,,,,
3574951779,POINT (-87.71695630000001 41.9353418),bicycle_rental,15,,Central Park Ave & Elbridge Ave,Divvy,node,Divvy,,,,,,,,,,,,,
3574952626,POINT (-87.7122542 41.9394019),bicycle_rental,23,,Kimball Ave & Belmont Ave,Divvy,node,Divvy,,,,,,,,,,,,,
3574954091,POINT (-87.7012187 41.9319623),bicycle_rental,14,,Richmond St & Diversey Ave,Divvy,node,Divvy,,,,,,,,,,,,,
3574957593,POINT (-87.6980046 41.9265923),bicycle_rental,18,,California Ave & Altgeld St,Divvy,node,Divvy,,,,,,,,,,,,,
3574957594,POINT (-87.68930229999999 41.924753),bicycle_rental,14,,Campbell Ave & Fullerton Ave,Divvy,node,Divvy,,,,,,,,,,,,,
3574958245,POINT (-87.7017328 41.9175779),bicycle_rental,19,,Humboldt Blvd & Armitage Ave,Divvy,node,Divvy,,,,,,,,,,,,,
3574959011,POINT (-87.71036119999999 41.9172687),bicycle_rental,15,,Armitage Ave & Spaulding Ave,Divvy,node,Divvy,,,,,,,,,,,,,
3574960294,POINT (-87.7051228 41.9139521),bicycle_rental,14,,Albany Ave & Bloomingdale Ave,Divvy,node,Divvy,,,,,,,,,,,,,
3574972443,POINT (-87.7054098 41.909964),bicycle_rental,14,,Troy St & North Ave,Divvy,node,Divvy,,,,,,,,,,,,,
3574972444,POINT (-87.7165904 41.9098655),bicycle_rental,14,,Central Park Ave & North Ave,Divvy,node,Divvy,,,,,,,,,,,,,
3574984297,POINT (-87.69705310000001 41.9181951),bicycle_rental,14,,California Ave & Francis Pl,Divvy,node,Divvy,,,,,,,,,,,,,
3616224293,POINT (-87.7162395 41.9803195),bicycle_rental,,,St. Louis & Balmoral,Divvy,node,Divvy,,,,,,,,,,,,,
3616227079,POINT (-87.70897050000001 41.9829235),bicycle_rental,,,Kedzie Ave & Bryn Mawr Ave,Divvy,node,Divvy,,,,,,,,,,,,,
3649121725,POINT (-87.73232640000001 41.9537667),bicycle_rental,18,,Keeler Ave & Irving Park Rd,Divvy,node,Divvy,,,,,,,,,,,,,
3649121726,POINT (-87.72896900000001 41.9611194),bicycle_rental,14,,Keystone Ave & Montrose Ave,Divvy,node,Divvy,,,,,,,,,,,,,
4193469760,POINT (-87.643331 41.9035204),bicycle_rental,,,Larrabee St & Division St,Divvy,node,,,,,,,,,,,,,,
4267412054,POINT (-87.6105767 41.8910541),bicycle_rental,,,Bike & Roll,,node,,,,,,,,,,,,,,
4331571913,POINT (-87.7742856 41.8879327),bicycle_rental,15,532,Austin Blvd & Lake St,Divvy,node,Divvy,,,,,,,,,,,,,
4342158591,POINT (-87.6602158 41.9840193),bicycle_rental,,,Broadway & Ridge Ave,Divvy,node,,,,,,,,,,,,,,
4342166989,POINT (-87.6623409 42.0105713),bicycle_rental,,,Sheridan Rd & Greenleaf Ave,Divvy,node,,,,,,,,,,,,,,
4354964691,POINT (-87.5655173 41.7664026),bicycle_rental,,,South Shore Dr & 71st St,Divvy,node,,,,,,,,,,,,,,
4354964692,POINT (-87.5759297 41.781215),bicycle_rental,23,101,63rd Street Beach,Divvy,node,,,,,,,,,,,,,,
4641050528,POINT (-87.63728999999999 41.8832829),bicycle_rental,17,18,Wacker Dr & Washington St,Divvy,node,,,,,,,,,,,,,,
4641050529,POINT (-87.6259495 41.8868816),bicycle_rental,18,194,Wabash Ave & Wacker Pl,Divvy,node,,,,,,,,,,,,,,
4641050530,POINT (-87.6175087 41.8863621),bicycle_rental,19,7,Field Blvd & South Water St,Divvy,node,,,,,,,,,,,,,,
4641050531,POINT (-87.6128202 41.8851188),bicycle_rental,30,6,DuSable Harbor,Divvy,node,,,,,,,,,,,,,,
4641050532,POINT (-87.61952890000001 41.8845981),bicycle_rental,30,195,Columbus Dr & Randolph St,Divvy,node,,,,,,,,,,,,,,
4641050533,POINT (-87.6308788 41.8860238),bicycle_rental,26,38,Clark St & Lake St,Divvy,node,,,,,,,,,,,,,,
4872334555,POINT (-87.6239628 41.8728616),bicycle_rental,,,Michigan Ave & 8th St,Divvy,node,,,,,,,,,,,,,,
4985744081,POINT (-87.70638270000001 41.8845538),bicycle_rental,19,377,Kedzie Ave & Lake St,Divvy,node,Divvy,,,,,,,,,,,,,
4986143501,POINT (-87.735336 41.8859012),bicycle_rental,15,536,Kostner Ave & Lake St,Divvy,node,Divvy,,,,,,,,,,,,,
4986143502,POINT (-87.7653392 41.8876664),bicycle_rental,15,531,Central Ave & Lake St,Divvy,node,Divvy,,,,,,,,,,,,,
4986143503,POINT (-87.6962094 41.8845053),bicycle_rental,15,378,California Ave & Lake St,Divvy,node,Divvy,,,,,,,,,,,,,
4986143504,POINT (-87.716881 41.8854878),bicycle_rental,15,518,Conservatory Dr & Lake St,Divvy,node,Divvy,,,,,,,,,,,,,
5002300677,POINT (-87.7050297 41.8535382),bicycle_rental,8,439,Kedzie Ave & 21st St,Divvy,node,Divvy,,,,,,,,,,,,,
5033851682,POINT (-87.7557097 41.887834),bicycle_rental,15,530,Laramie Ave & Kinzie St,Divvy,node,Divvy,,,,,,,,,,,,,
5033851684,POINT (-87.7452897 41.8868604),bicycle_rental,15,529,Cicero Ave & Lake St,Divvy,node,Divvy,,,,,,,,,,,,,
5033851685,POINT (-87.7266489 41.885341),bicycle_rental,15,528,Pulaski Rd & Lake St,Divvy,node,Divvy,,,,,,,,,,,,,
5104210321,POINT (-87.5870784 41.802456),bicycle_rental,19,417,Cornell Ave & Hyde Park Blvd,Divvy,node,,,,,,,,,,,,,,
5104210322,POINT (-87.6203795 41.8763964),bicycle_rental,,,Buckingham Fountain,Divvy,node,,,,,,,,,,,,,,
5104210421,POINT (-87.61348270000001 41.8563298),bicycle_rental,,,Burnham Harbor,Divvy,node,,,,,,,,,,,,,,
5104210422,POINT (-87.6153482 41.8672621),bicycle_rental,,,Shedd Aquarium,Divvy,node,,,,,,,,,,,,,,
5192919372,POINT (-87.6951646 41.8491229),bicycle_rental,15,442,California Ave & 23rd Pl,Divvy,node,,,,,,,,,,,,,,
5192919377,POINT (-87.69531480000001 41.8440398),bicycle_rental,11,445,California Ave & 26th St,Divvy,node,,,,,,,,,,,,,,
5223997895,POINT (-87.76331949999999 41.8801399),bicycle_rental,15,542,Madison St & Central Ave,Divvy,node,Divvy,,,,,,,,,,,,,
5223997901,POINT (-87.7644863 41.8729962),bicycle_rental,15,541,Central Ave & Harrison St,Divvy,node,Divvy,,,,,,,,,,,,,
5301216658,POINT (-87.5995528 41.7915138),bicycle_rental,27,423,University Ave & 57th St,Divvy,node,,,,,,,,,,,,,,
5301216659,POINT (-87.5839828 41.7918816),bicycle_rental,27,424,Museum of Science & Industry,Divvy,node,,,,,,,,,,,,,,
5301216660,POINT (-87.57714470000001 41.7735302),bicycle_rental,15,352,Jeffery Blvd & 67th St,Divvy,node,,,,,,,,,,,,,,
5301216661,POINT (-87.6061121 41.7806311),bicycle_rental,19,427,Cottage Grove Ave & 63rd St,Divvy,node,,,,,,,,,,,,,,
5301216662,POINT (-87.605632 41.7736702),bicycle_rental,11,429,Cottage Grove Ave & 67th St,Divvy,node,,,,,,,,,,,,,,
5301216664,POINT (-87.58857620000001 41.7879391),bicycle_rental,15,425,Harper Ave & 59th St,Divvy,node,,,,,,,,,,,,,,
5301216666,POINT (-87.60144940000001 41.7942934),bicycle_rental,19,420,Ellis Ave & 55th St,Divvy,node,,,,,,,,,,,,,,
5301216667,POINT (-87.61586459999999 41.7800791),bicycle_rental,15,430,MLK Jr Dr & 63rd St,Divvy,node,,,,,,,,,,,,,,
5301216669,POINT (-87.6010095 41.7854141),bicycle_rental,19,426,Ellis Ave & 60th St,Divvy,node,,,,,,,,,,,,,,
5301216670,POINT (-87.6009518 41.7993594),bicycle_rental,11,418,Ellis Ave & 53rd St,Divvy,node,,,,,,,,,,,,,,
5301216671,POINT (-87.5866355 41.7786939),bicycle_rental,15,95,Stony Island Ave & 64th St,Divvy,node,,,,,,,,,,,,,,
5301216672,POINT (-87.58525830000001 41.7734202),bicycle_rental,11,102,Stony Island Ave & 67th St,Divvy,node,,,,,,,,,,,,,,
5301216673,POINT (-87.6133219 41.7841011),bicycle_rental,11,431,Eberhart Ave & 61st St,Divvy,node,,,,,,,,,,,,,,
5301216674,POINT (-87.5672232 41.7736383),bicycle_rental,19,355,South Shore Dr & 67th St,Divvy,node,,,,,,,,,,,,,,
5301216675,POINT (-87.60780080000001 41.7915337),bicycle_rental,15,422,DuSable Museum,Divvy,node,,,,,,,,,,,,,,
5301216676,POINT (-87.6158204 41.7934435),bicycle_rental,16,421,MLK Jr Dr & 56th St,Divvy,node,,,,,,,,,,,,,,
5301216677,POINT (-87.591414 41.780359),bicycle_rental,15,428,Dorchester Ave & 63rd St,Divvy,node,,,,,,,,,,,,,,
5405774469,POINT (-87.745389 41.8775998),bicycle_rental,15,539,Cicero Ave & Quincy St,Divvy,node,Divvy,,,,,,,,,,,,,
5405774475,POINT (-87.7465852 41.8721196),bicycle_rental,15,538,Flournoy St & Cicero Ave,Divvy,node,Divvy,,,,,,,,,,,,,
5572109231,POINT (-87.7746088 41.8948703),bicycle_rental,11,524,Austin Blvd & Chicago Ave,Divvy,node,,,,,,,,,,,,,,
5572109232,POINT (-87.75544979999999 41.8802408),bicycle_rental,15,540,Laramie Ave & Madison St,Divvy,node,Divvy,,,,,,,,,,,,,
5572109233,POINT (-87.77446999999999 41.8802706),bicycle_rental,11,544,Austin Blvd & Madison St,Divvy,node,Divvy,,,,,,,,,,,,,
5572109234,POINT (-87.7649128 41.8949522),bicycle_rental,11,550,Central Ave & Chicago Ave,Divvy,node,,,,,,,,,,,,,,
5572109235,POINT (-87.7551871 41.8758203),bicycle_rental,15,543,Laramie Ave & Gladys Ave,Divvy,node,Divvy,,,,,,,,,,,,,
5572315306,POINT (-87.74099769999999 41.8807121),bicycle_rental,11,537,Kenton Ave & Madison St,Divvy,node,Divvy,,,,,,,,,,,,,
5689419597,POINT (-87.63479839999999 41.8162392),bicycle_rental,11,409,Shields Ave & 43rd St,Divvy,node,,,,,,,,,,,,,,
5689419603,POINT (-87.6331271 41.7946646),bicycle_rental,11,385,Princeton Ave & Garfield Blvd,Divvy,node,,,,,,,,,,,,,,
5689419605,POINT (-87.63345459999999 41.8092263),bicycle_rental,11,412,Princeton Ave & 47th St,Divvy,node,,,,,,,,,,,,,,
5689419611,POINT (-87.6297484 41.780097),bicycle_rental,11,390,Wentworth Ave & 63rd St,Divvy,node,,,,,,,,,,,,,,
5697322703,POINT (-87.7159329 41.8446051),bicycle_rental,11,443,Millard Ave & 26th St,Divvy,node,Divvy,,,,,,,,,,,,,
5737098583,POINT (-87.69363559999999 41.9659122),bicycle_rental,15,,Rockwell St & Eastwood Ave,Divvy,node,,,,,,,,,,,,,,
5756861772,POINT (-87.6342257 41.8898488),bicycle_rental,,,Wells St & Hubbard St,Divvy,node,,,,,,,,,,,,,,
5756861773,POINT (-87.6322918 41.8948863),bicycle_rental,,,LaSalle Dr & Huron St,Divvy,node,,,,,,,,,,,,,,
5756861776,POINT (-87.6322918 41.8675083),bicycle_rental,,,Delano Ct & Roosevelt Rd,Divvy,node,,,,,,,,,,,,,,
5756861777,POINT (-87.6310668 41.870838),bicycle_rental,,,Clark St & 9th St (AMLI),Divvy,node,,,,,,,,,,,,,,
5930382010,POINT (-87.6945671 41.866638),bicycle_rental,15,436,Fairfield Ave & Roosevelt Rd,Divvy,node,,,,,,,,,,,,,,
5930382045,POINT (-87.70654829999999 41.8665222),bicycle_rental,15,435,Kedzie Ave & Roosevelt Rd,Divvy,node,,,,,,,,,,,,,,
5930669856,POINT (-87.6679688 41.9146529),bicycle_rental,23,628,Walsh Park,Divvy,node,,,,,,,,,,,,,,
5930673389,POINT (-87.6640494 41.9129688),bicycle_rental,22,,Elston Ave & Wabansia Ave,Divvy,node,,,,,,,,,,,,,,
5954568354,POINT (-87.61194930000001 41.8922419),bicycle_rental,34,,Streeter Dr & Grand Ave,Divvy,node,,,,,,,,,,,,yes,,
5967965846,POINT (-87.7400542 41.9488679),bicycle_rental,,,Milwaukee Ave & Kilbourn Ave,Divvy,node,Divvy,,,,,,,,,,,,yes,yes
6302502054,POINT (-87.63677970000001 41.8900184),bicycle_rental,19,,Orleans St & Hubbard St,Divvy,node,,,,,,,,,,,,,,
6302502055,POINT (-87.620079 41.8957636),bicycle_rental,19,,Fairbanks Ct & Superior St,Divvy,node,,,,,,,,,,,,,,
6302502056,POINT (-87.6397297 41.8776129),bicycle_rental,24,13138,Canal St & Jackson Blvd,Divvy,node,,,,,,,,,,,,,,
6340892785,POINT (-87.7871311 41.9982617),bicycle_rental,,,Caldwell Woods,HOPR,node,,,,,,,,,,,,,,
6340892786,POINT (-87.7847689 42.0028317),bicycle_rental,,,,HOPR Bike Share,node,,,,,,,,,,,,,,
6340892787,POINT (-87.791737 42.0105813),bicycle_rental,,,,,node,,,,,,,,,,,,,,
6394873185,POINT (-87.6452338 41.8017784),bicycle_rental,,,Halsted St & 51st St,Divvy,node,,,,,,,,,,,,,,
6515773607,POINT (-87.6735853 42.0191393),bicycle_rental,,,Paulina St & Howard St,Divvy,node,,,,,,,,,,,,,,
6515799342,POINT (-87.6654097 42.0080013),bicycle_rental,,,Glenwood Ave & Morse Ave,Divvy,node,,,,,,,,,,,,,,
6744908260,POINT (-87.6453769 41.9401041),bicycle_rental,13,,Broadway & Belmont Ave,Divvy,node,,,,,,,,,,,,,,
6747273673,POINT (-87.6741983 42.0090524),bicycle_rental,,,Clark St & Lunt Ave,Divvy,node,,,,,,,,,,,,,,
6747277584,POINT (-87.6743049 42.012584),bicycle_rental,,,Clark St & Touhy Ave,Divvy,node,,,,,,,,,,,,,,
6775079282,POINT (-87.66957240000001 42.0194149),bicycle_rental,,,Bosworth Ave & Howard St,Divvy,node,,,,,,,,,,,,,,
6775080473,POINT (-87.67502159999999 42.0159544),bicycle_rental,,,Clark St & Jarvis Ave,Divvy,node,,,,,,,,,,,,,,
6775081866,POINT (-87.66115929999999 42.0010419),bicycle_rental,,,Sheridan Rd & Loyola Ave,Divvy,node,,,,,,,,,,,,,,
6775084955,POINT (-87.67137580000001 41.9993368),bicycle_rental,,,Clark St & Schreiber Ave,Divvy,node,,,,,,,,,,,,,,
6775086055,POINT (-87.6612854 42.0045858),bicycle_rental,,,Sheridan Rd & Columbia Ave,Divvy,node,,,,,,,,,,,,,,
6775086142,POINT (-87.6650758 42.021),bicycle_rental,,,Eastlake Ter & Rogers Ave,Divvy,node,,,,,,,,,,,,,,
6775086332,POINT (-87.6777092 42.0168083),bicycle_rental,,,Wolcott Ave & Fargo Ave,Divvy,node,,,,,,,,,,,,,,
6775090691,POINT (-87.6726007 42.0044397),bicycle_rental,,,Clark St & Columbia Ave,Divvy,node,,,,,,,,,,,,,,
6775097312,POINT (-87.6684364 42.0160082),bicycle_rental,,,Greenview Ave & Jarvis Ave,Divvy,node,,,,,,,,,,,,,,
6775109044,POINT (-87.6829846 42.0122736),bicycle_rental,,,Ridge Blvd & Touhy Ave,Divvy,node,,,,,,,,,,,,,,
6775114021,POINT (-87.6660304 42.0127334),bicycle_rental,,,Glenwood Ave & Touhy Ave,Divvy,node,,,,,,,,,,,,,,
6776045668,POINT (-87.68450850000001 42.0193367),bicycle_rental,,,Ridge Blvd & Howard Street,Divvy,node,,,,,,,,,,,,,,
6776052561,POINT (-87.6904171 42.0085872),bicycle_rental,,,Western Ave & Lunt Ave,Divvy,node,,,,,,,,,,,,,,
6776052562,POINT (-87.6828426 41.9909647),bicycle_rental,,,2112 W Peterson Ave,Divvy,node,,,,,,,,,,,,,,
6776052563,POINT (-87.6895403 41.9941724),bicycle_rental,,,Western Ave & Granville Ave,Divvy,node,,,,,,,,,,,,,,
6776052564,POINT (-87.6806541 42.0045714),bicycle_rental,,,Warren Park East,Divvy,node,,,,,,,,,,,,,,
6776052565,POINT (-87.6964011 41.9837411),bicycle_rental,,,Budlong Woods Library,Divvy,node,,,,,,,,,,,,,,
6776052567,POINT (-87.6886927 42.001775),bicycle_rental,,,Warren Park West,Divvy,node,,,,,,,,,,,,,,
6776052568,POINT (-87.6900389 42.019225),bicycle_rental,,,Western Ave & Howard Street,Divvy,node,,,,,,,,,,,,,,
6776052571,POINT (-87.6880061 42.0123321),bicycle_rental,,,Oakley Ave & Touhy Ave,Divvy,node,,,,,,,,,,,,,,
6776052573,POINT (-87.6933973 41.990265),bicycle_rental,,,Maplewood Ave & Peterson Ave,Divvy,node,,,,,,,,,,,,,,
6777265064,POINT (-87.6954843 41.9610872),bicycle_rental,,,California Ave  & Montrose Ave,Divvy,node,,,,,,,,,,,,,,
6777269239,POINT (-87.7082556 41.9667012),bicycle_rental,,,Leland Ave & Kedzie Ave,Divvy,node,,,,,,,,,,,,,,
6777283951,POINT (-87.7406225 41.9536633),bicycle_rental,,,Kilbourn Ave & Irving Park Rd,Divvy,node,,,,,,,,,,,,,,
6777283952,POINT (-87.7451715 41.9604976),bicycle_rental,,,Knox Ave & Montrose Ave,Divvy,node,,,,,,,,,,,,,,
6777294717,POINT (-87.705882 41.9610559),bicycle_rental,,,Albany Ave & Montrose Ave,Divvy,node,,,,,,,,,,,,,,
6777300469,POINT (-87.73573020000001 41.9610549),bicycle_rental,,,Kildare Ave & Montrose Ave,Divvy,node,,,,,,,,,,,,,,
6777352518,POINT (-87.7009102 41.9659408),bicycle_rental,,,Manor Ave & Leland Ave,Divvy,node,,,,,,,,,,,,,,
6777380916,POINT (-87.7166179 41.9611574),bicycle_rental,,,Drake Ave & Montrose Ave,Divvy,node,,,,,,,,,,,,,,
6777395055,POINT (-87.7495473 41.9544827),bicycle_rental,,,Milwaukee Ave & Cuyler Ave,Divvy,node,,,,,,,,,,,,,,
6777477229,POINT (-87.7092229 41.9756289),bicycle_rental,,,Kedzie Ave & Foster Ave,Divvy,node,,,,,,,,,,,,,,
6777501861,POINT (-87.7119895 41.9683853),bicycle_rental,,,Christiana Ave & Lawrence Ave,Divvy,node,,,,,,,,,,,,,,
6777516031,POINT (-87.7319578 41.9533984),bicycle_rental,,,Avondale Ave & Irving Park Rd,Divvy,node,,,,,,,,,,,,,,
6791420515,POINT (-87.7093203 41.9537734),bicycle_rental,,,Sawyer Ave & Irving Park Rd,Divvy,node,,,,,,,,,,,,,,
6791458270,POINT (-87.7167357 41.9139862),bicycle_rental,,,Central Park Ave & Bloomingdale Ave,Divvy,node,,,,,,,,,,,,,,
6791460119,POINT (-87.6764354 41.924164),bicycle_rental,,,Winchester Ave & Elston Ave,Divvy,node,,,,,,,,,,,,,,
6791460709,POINT (-87.7139839 41.9500586),bicycle_rental,,,Bernard St & Elston Ave,Divvy,node,,,,,,,,,,,,,,
6791465759,POINT (-87.71758029999999 41.9471249),bicycle_rental,,,Drake Ave & Addison St,Divvy,node,,,,,,,,,,,,,,
6791466759,POINT (-87.69795860000001 41.9384252),bicycle_rental,,,California Ave & Fletcher St,Divvy,node,,,,,,,,,,,,,,
6791476695,POINT (-87.6980228 41.9521663),bicycle_rental,,,California Ave & Byron St,Divvy,node,,,,,,,,,,,,,,
6791477772,POINT (-87.70672810000001 41.9452515),bicycle_rental,,,Troy St & Elston Ave,Divvy,node,,,,,,,,,,,,,,
6791478882,POINT (-87.7279654 41.9245195),bicycle_rental,,,Keystone Ave & Fullerton Ave,Divvy,node,,,,,,,,,,,,,,
6791479031,POINT (-87.7191432 41.9539559),bicycle_rental,,,Monticello Ave & Irving Park Rd,Divvy,node,,,,,,,,,,,,,,
6805834933,POINT (-87.69673179999999 41.9002655),bicycle_rental,,,California Ave & Cortez St,Divvy,node,,,,,,,,,,,,,,
6805851649,POINT (-87.7064816 41.8955075),bicycle_rental,,,Kedzie Ave & Chicago Ave,Divvy,node,,,,,,,,,,,,,,
6805852993,POINT (-87.7013022 41.8899658),bicycle_rental,,,Sacramento Blvd & Franklin Blvd,Divvy,node,,,,,,,,,,,,,,
6805854596,POINT (-87.7093998 41.9027665),bicycle_rental,,,Spaulding Ave & Division St,Divvy,node,,,,,,,,,,,,,,
6821129499,POINT (-87.5664556 41.7587856),bicycle_rental,,,Yates Blvd & 75th St,Divvy,node,,,,,,,,,,,,,,
6821130954,POINT (-87.58684169999999 41.7586917),bicycle_rental,,,Stony Island Ave & 75th St,Divvy,node,,,,,,,,,,,,,,
6821134627,POINT (-87.57640859999999 41.7666608),bicycle_rental,,,Jeffery Blvd & 71st St,Divvy,node,,,,,,,,,,,,,,
6821140900,POINT (-87.5591707 41.7622677),bicycle_rental,,,South Shore Dr & 74th St,Divvy,node,,,,,,,,,,,,,,
6821141437,POINT (-87.5651158 41.751856),bicycle_rental,,,Phillips Ave & 79th St,Divvy,node,,,,,,,,,,,,,,
6821141882,POINT (-87.575951 41.7571606),bicycle_rental,,,Jeffery Blvd & 76th St,Divvy,node,,,,,,,,,,,,,,
6821141915,POINT (-87.54924459999999 41.7579009),bicycle_rental,,,Rainbow Beach,Divvy,node,,,,,,,,,,,,,,
6821144612,POINT (-87.5853449 41.7511689),bicycle_rental,,,Stony Island Ave & South Chicago Ave,Divvy,node,,,,,,,,,,,,,,
6821148389,POINT (-87.58646210000001 41.7664661),bicycle_rental,,,Stony Island Ave & 71st St,Divvy,node,,,,,,,,,,,,,,
6821152318,POINT (-87.5785075 41.7516777),bicycle_rental,,,Bennett Ave & 79th St,Divvy,node,,,,,,,,,,,,,,
6821171944,POINT (-87.5528276 41.7517972),bicycle_rental,,,Exchange Ave & 79th St,Divvy,node,,,,,,,,,,,,,,
6821175796,POINT (-87.5650263 41.7445702),bicycle_rental,,,Phillips Ave & 83rd St,Divvy,node,,,,,,,,,,,,,,
6821185006,POINT (-87.6229538 41.7434125),bicycle_rental,,,Wabash Ave & 83rd St,Divvy,node,,,,,,,,,,,,,,
6821186226,POINT (-87.5801223 41.7473421),bicycle_rental,,,South Chicago Ave & Elliott Ave,Divvy,node,,,,,,,,,,,,,,
6821187530,POINT (-87.57481300000001 41.743634),bicycle_rental,,,South Chicago Ave & 83rd St,Divvy,node,,,,,,,,,,,,,,
6821188202,POINT (-87.5513601 41.7446308),bicycle_rental,,,Commercial Ave & 83rd St,Divvy,node,,,,,,,,,,,,,,
6821241636,POINT (-87.6138334 41.7509577),bicycle_rental,,,Vernon Ave & 79th St,Divvy,node,,,,,,,,,,,,,,
6821241695,POINT (-87.6227142 41.7366781),bicycle_rental,,,Wabash Ave & 87th St,Divvy,node,,,,,,,,,,,,,,
6821242661,POINT (-87.5974889 41.7512865),bicycle_rental,,,Greenwood Ave & 79th St,Divvy,node,,,,,,,,,,,,,,
6821251307,POINT (-87.6243429 41.7507932),bicycle_rental,,,State St & 79th St,Divvy,node,,,,,,,,,,,,,,
6821254902,POINT (-87.6048966 41.7434653),bicycle_rental,,,Cottage Grove Ave & 83rd St,Divvy,node,,,,,,,,,,,,,,
6821255577,POINT (-87.5859634 41.7464489),bicycle_rental,,,Stony Island Ave & 82nd St,Divvy,node,,,,,,,,,,,,,,
6821257189,POINT (-87.61479780000001 41.7431585),bicycle_rental,,,MLK Jr Dr & 83rd St,Divvy,node,,,,,,,,,,,,,,
6821259052,POINT (-87.5989673 41.744096),bicycle_rental,,,Ellis Ave & 83rd St,Divvy,node,,,,,,,,,,,,,,
6821267779,POINT (-87.6283657 41.7691931),bicycle_rental,,,Perry Ave & 69th St,Divvy,node,,,,,,,,,,,,,,
6821279979,POINT (-87.6140438 41.7583629),bicycle_rental,,,Vernon Ave & 75th St,Divvy,node,,,,,,,,,,,,,,
6821280339,POINT (-87.6064911 41.7584975),bicycle_rental,,,Evans Ave & 75th St,Divvy,node,,,,,,,,,,,,,,
6821286244,POINT (-87.5848139 41.780605),bicycle_rental,,,Cornell Dr & Hayes Dr,Divvy,node,,,,,,,,,,,,,,
6821286681,POINT (-87.6052876 41.7657924),bicycle_rental,,,Cottage Grove Ave & 71st St,Divvy,node,,,,,,,,,,,,,,
6821298009,POINT (-87.6313368 41.7579557),bicycle_rental,,,Vincennes Ave & 75th St,Divvy,node,,,,,,,,,,,,,,
6821302511,POINT (-87.61696999999999 41.7654882),bicycle_rental,,,Calumet Ave & 71st St,Divvy,node,,,,,,,,,,,,,,
6821306971,POINT (-87.5957507 41.7591329),bicycle_rental,,,Woodlawn Ave & 75th St,Divvy,node,,,,,,,,,,,,,,
6821313520,POINT (-87.6218063 41.7652831),bicycle_rental,,,Michigan Ave & 71st St,Divvy,node,,,,,,,,,,,,,,
6821315656,POINT (-87.6051446 41.7531723),bicycle_rental,,,Cottage Grove Ave & 78th St,Divvy,node,,,,,,,,,,,,,,
6821325238,POINT (-87.6180347 41.8021871),bicycle_rental,,,Calumet Ave & 51st St,Divvy,node,,,,,,,,,,,,,,
6821325896,POINT (-87.61174750000001 41.7660582),bicycle_rental,,,Rhodes Ave & 71st St,Divvy,node,,,,,,,,,,,,,,
6821330126,POINT (-87.59697420000001 41.8141294),bicycle_rental,,,Woodlawn Ave & Lake Park Ave,Divvy,node,,,,,,,,,,,,,,
6821330364,POINT (-87.626558 41.8231713),bicycle_rental,,,State St & Pershing Rd,Divvy,node,,,,,,,,,,,,,,
6821330784,POINT (-87.6193773 41.816645),bicycle_rental,,,Prairie Ave & 43rd St,Divvy,node,,,,,,,,,,,,,,
6821331323,POINT (-87.6246252 41.75695),bicycle_rental,,,State St & 76th St,Divvy,node,,,,,,,,,,,,,,
6821342172,POINT (-87.62595880000001 41.7967352),bicycle_rental,,,State St & 54th St,Divvy,node,,,,,,,,,,,,,,
6821358466,POINT (-87.5924598 41.8056861),bicycle_rental,,,Dorchester Ave & 49th St,Divvy,node,,,,,,,,,,,,,,
6841953242,POINT (-87.6349261 41.7798387),bicycle_rental,,,Stewart Ave & 63rd Street,Divvy,node,,,,,,,,,,,,,,
6841954763,POINT (-87.66651469999999 41.813998),bicycle_rental,,,Marshfield Ave & 44th St,Divvy,node,,,,,,,,,,,,,,
6841958281,POINT (-87.63599019999999 41.7688966),bicycle_rental,,,Eggleston Ave & 69th St,Divvy,node,,,,,,,,,,,,,,
6841960531,POINT (-87.6307314 41.8529933),bicycle_rental,,,Wentworth Ave & Cermak Rd,Divvy,node,,,,,,,,,,,,,,
6841961748,POINT (-87.6545043 41.7832154),bicycle_rental,,,Racine Ave & 61st St,Divvy,node,,,,,,,,,,,,,,
6841972280,POINT (-87.6558184 41.7867914),bicycle_rental,,,Elizabeth St & 59th St,Divvy,node,,,,,,,,,,,,,,
6841972970,POINT (-87.6317738 41.8345104),bicycle_rental,,,Wentworth Ave & 33rd St,Divvy,node,,,,,,,,,,,,,,
6841975375,POINT (-87.6565428 41.8084703),bicycle_rental,,,Elizabeth St & 47th St,Divvy,node,,,,,,,,,,,,,,
6841979718,POINT (-87.6550869 41.7942825),bicycle_rental,,,Racine Ave & Garfield Blvd,Divvy,node,,,,,,,,,,,,,,
6841980352,POINT (-87.644682 41.7796334),bicycle_rental,,,Halsted St & 63rd St,Divvy,node,,,,,,,,,,,,,,
6841980446,POINT (-87.6355954 41.8426364),bicycle_rental,,,Shields Ave 28th Pl,Divvy,node,,,,,,,,,,,,,,
6841980928,POINT (-87.6528716 41.7688446),bicycle_rental,,,May St & 69th St,Divvy,node,,,,,,,,,,,,,,
6841980929,POINT (-87.645624 41.8081197),bicycle_rental,,,Halsted St & 47th Pl,Divvy,node,,,,,,,,,,,,,,
6841982035,POINT (-87.65756159999999 41.8417233),bicycle_rental,,,Loomis St & Archer Ave,Divvy,node,,,,,,,,,,,,,,
6841982442,POINT (-87.6543116 41.775523),bicycle_rental,,,Racine Ave & 65th St,Divvy,node,,,,,,,,,,,,,,
6841988448,POINT (-87.6446083 41.7689727),bicycle_rental,,,Halsted St & 69th St,Divvy,node,,,,,,,,,,,,,,
6841988449,POINT (-87.6644048 41.7934407),bicycle_rental,,,Ashland Ave & Garfield Blvd,Divvy,node,,,,,,,,,,,,,,
6841988450,POINT (-87.6754541 41.7939913),bicycle_rental,,,Seeley Ave & Garfield Blvd,Divvy,node,,,,,,,,,,,,,,
6841988451,POINT (-87.65737350000001 41.7997427),bicycle_rental,,,Throop St & 52nd St,Divvy,node,,,,,,,,,,,,,,
6841988452,POINT (-87.643299 41.8191296),bicycle_rental,,,Union Ave & Root St,Divvy,node,,,,,,,,,,,,,,
6841988699,POINT (-87.64505560000001 41.7928205),bicycle_rental,,,Halsted St & 56th St,Divvy,node,,,,,,,,,,,,,,
6841988700,POINT (-87.66600680000001 41.7868196),bicycle_rental,,,Marshfield Ave & 59th St,Divvy,node,,,,,,,,,,,,,,
6841989697,POINT (-87.664682 41.8030598),bicycle_rental,,,Ashland Ave & 50th St,Divvy,node,,,,,,,,,,,,,,
6841990800,POINT (-87.67433920000001 41.7862352),bicycle_rental,,,Damen Ave & 59th St,,node,,,,,,,,,,,,,,
6841991599,POINT (-87.66404660000001 41.7686974),bicycle_rental,,,Ashland Ave & 69th St,Divvy,node,,,,,,,,,,,,,,
6841992836,POINT (-87.650884 41.8234885),bicycle_rental,,,Morgan St & Pershing Rd,Divvy,node,,,,,,,,,,,,,,
6841992906,POINT (-87.6639356 41.7741029),bicycle_rental,,,Ashland Ave & 66th St,Divvy,node,,,,,,,,,,,,,,
6841992907,POINT (-87.674583 41.8011058),bicycle_rental,,,Damen Ave & 51st St,Divvy,node,,,,,,,,,,,,,,
6841993211,POINT (-87.68366260000001 41.8056046),bicycle_rental,,,Western Blvd & 48th Pl,Divvy,node,,,,,,,,,,,,,,
6841994696,POINT (-87.6647435 41.779395),bicycle_rental,,,Ashland Ave & 63rd St,Divvy,node,,,,,,,,,,,,,,
6841996206,POINT (-87.6772694 41.8082668),bicycle_rental,,,Hoyne Ave & 47th St,Divvy,node,,,,,,,,,,,,,,
6841997323,POINT (-87.6448848 41.7875172),bicycle_rental,,,Halsted St & 59th St,Divvy,node,,,,,,,,,,,,,,
6841997324,POINT (-87.6645814 41.8088381),bicycle_rental,,,Ashland Ave & McDowell Ave,Divvy,node,,,,,,,,,,,,,,
6841997912,POINT (-87.6323845 41.8308242),bicycle_rental,,,Wentworth Ave & 35th St,Divvy,node,,,,,,,,,,,,,,
6841998214,POINT (-87.6509482 41.7797761),bicycle_rental,,,Carpenter St & 63rd St,Divvy,node,,,,,,,,,,,,,,
6841998696,POINT (-87.63540949999999 41.8383525),bicycle_rental,,,Shields Ave & 31st St,Divvy,node,,,,,,,,,,,,,,
6841999272,POINT (-87.6558374 41.8306853),bicycle_rental,,,Racine Ave & 35th St,Divvy,node,,,,,,,,,,,,,,
6841999613,POINT (-87.6806017 41.8287998),bicycle_rental,,,Leavitt St & Archer Ave,Divvy,node,,,,,,,,,,,,,,
6842012181,POINT (-87.6655626 41.8232505),bicycle_rental,,,Ashland Ave & Pershing Rd,Divvy,node,,,,,,,,,,,,,,
6842013713,POINT (-87.6703361 41.8301031),bicycle_rental,,,Wood St & 35th St,Divvy,node,,,,,,,,,,,,,,
6842014161,POINT (-87.6831492 41.8267142),bicycle_rental,,,Archer Ave & 37th St,Divvy,node,,,,,,,,,,,,,,
6842018549,POINT (-87.6656964 41.8391584),bicycle_rental,,,Ashland Ave & Archer Ave,Divvy,node,,,,,,,,,,,,,,
6842018663,POINT (-87.6767716 41.8231411),bicycle_rental,,,Damen Ave & Pershing Rd,Divvy,node,,,,,,,,,,,,,,
6844844242,POINT (-87.71500469999999 41.8480689),bicycle_rental,,,Central Park Ave & 24th St,Divvy,node,,,,,,,,,,,,,,
6844875807,POINT (-87.70227819999999 41.8445399),bicycle_rental,,,Albany Ave & 26th St,Divvy,node,,,,,,,,,,,,,,
6844894229,POINT (-87.7156595 41.8756083),bicycle_rental,,,Central Park Blvd & 5th Ave,Divvy,node,,,,,,,,,,,,,,
6844897109,POINT (-87.7052946 41.8481697),bicycle_rental,,,Kedzie Ave & 24th St,Divvy,node,,,,,,,,,,,,,,
6844898229,POINT (-87.7280469 41.8808023),bicycle_rental,,,Karlov Ave & Madison St,Divvy,node,,,,,,,,,,,,,,
6844902230,POINT (-87.7635911 41.880147),bicycle_rental,,,Central Ave & Madison St,Divvy,node,,,,,,,,,,,,,,
6844908534,POINT (-87.69343840000001 41.8619199),bicycle_rental,,,Washtenaw Ave & Ogden Ave,Divvy,node,,,,,,,,,,,,,,
6844908648,POINT (-87.7257003 41.8743119),bicycle_rental,,,Pulaski Rd & Congress Pkwy,Divvy,node,,,,,,,,,,,,,,
6844908649,POINT (-87.7568926 41.8948716),bicycle_rental,,,Latrobe Ave & Chicago Ave,Divvy,node,,,,,,,,,,,,,,
6844910192,POINT (-87.7355769 41.8779124),bicycle_rental,,,Kostner Ave & Adams St,Divvy,node,,,,,,,,,,,,,,
6844910298,POINT (-87.7151944 41.854291),bicycle_rental,,,Central Park Ave & Ogden Ave,Divvy,node,,,,,,,,,,,,,,
6844911203,POINT (-87.705468 41.8736379),bicycle_rental,,,Kedzie Ave & Harrison St,Divvy,node,,,,,,,,,,,,,,
6858624574,POINT (-87.65419350000001 41.8551827),bicycle_rental,,,May St & Cullerton St,Divvy,node,,,,,,,,,,,,,,
6858627609,POINT (-87.6850858 41.8413975),bicycle_rental,,,Western Ave & 28th St,Divvy,node,,,,,,,,,,,,,,
6863926483,POINT (-87.67209649999999 41.8958394),bicycle_rental,,,Wood St & Chicago Ave,Divvy,node,,,,,,,,,,,,,,
6863935749,POINT (-87.67005880000001 41.9104237),bicycle_rental,,,Paulina St & North Ave,Divvy,node,,,,,,,,,,,,,,
6863962810,POINT (-87.6772581 41.9013162),bicycle_rental,,,Damen Ave & Thomas St (Augusta Blvd),Divvy,node,,,,,,,,,,,,,,
6863962811,POINT (-87.6722516 41.8994755),bicycle_rental,,,Wood St & Augusta Blvd,Divvy,node,,,,,,,,,,,,,,
6863963408,POINT (-87.68203990000001 41.8956361),bicycle_rental,,,Leavitt St & Chicago Ave,Divvy,node,,,,,,,,,,,,,,
6863964694,POINT (-87.688023 41.8895111),bicycle_rental,,,Artesian Ave & Hubbard St,Divvy,node,,,,,,,,,,,,,,
6863964893,POINT (-87.6837747 41.9029817),bicycle_rental,,,Leavitt St & Division St,Divvy,node,,,,,,,,,,,,,,
6863970442,POINT (-87.6894659 41.8921775),bicycle_rental,,,Smith Park,Divvy,node,,,,,,,,,,,,,,
6863973773,POINT (-87.6739163 41.9031844),bicycle_rental,,,Honore St & Division St,Divvy,node,,,,,,,,,,,,,,
6863974303,POINT (-87.68682579999999 41.898432),bicycle_rental,,,Western Ave & Walton St,Divvy,node,,,,,,,,,,,,,,
6903330252,POINT (-87.6579352 41.8865383),bicycle_rental,,,Elizabeth St & Fulton St,Divvy,node,,,,,,,,,,,,,,
6903391355,POINT (-87.6614337 41.8721652),bicycle_rental,,,Loomis St & Lexington St,Divvy,node,,,,,,,,,,,,,,
6903392473,POINT (-87.673918 41.8775819),bicycle_rental,,,Malcolm X College,Divvy,node,,,,,,,,,,,,,,
6903407653,POINT (-87.67688990000001 41.8859233),bicycle_rental,,,Damen Ave & Walnut St,Divvy,node,,,,,,,,,,,,,,
6903410449,POINT (-87.6552184 41.8804188),bicycle_rental,,,Aberdeen St & Monroe St,Divvy,node,,,,,,,,,,,,,,
6903414999,POINT (-87.6862867 41.8797855),bicycle_rental,,,Western Ave & Monroe St,Divvy,node,,,,,,,,,,,,,,
6903415308,POINT (-87.6568467 41.8840519),bicycle_rental,,,Racine Ave & Randolph St,Divvy,node,,,,,,,,,,,,,,
6903417480,POINT (-87.65691440000001 41.8830824),bicycle_rental,,,Racine Ave & Washington Blvd,Divvy,node,,,,,,,,,,,,,,
6903420423,POINT (-87.6439383 41.878307),bicycle_rental,,,Desplaines St & Jackson Blvd,Divvy,node,,,,,,,,,,,,,,
6903422770,POINT (-87.6443031 41.8845699),bicycle_rental,,,Desplaines St & Randolph St,Divvy,node,,,,,,,,,,,,,,
6903422771,POINT (-87.6591136 41.8691868),bicycle_rental,,,Throop St & Taylor St,Divvy,node,,,,,,,,,,,,,,
6903422988,POINT (-87.64855609999999 41.8672516),bicycle_rental,,,Halsted St & Roosevelt Rd,Divvy,node,,,,,,,,,,,,,,
6903423141,POINT (-87.6848122 41.8665706),bicycle_rental,,,Ogden Ave & Roosevelt Rd,Divvy,node,,,,,,,,,,,,,,
6903423193,POINT (-87.640989 41.8715253),bicycle_rental,,,Clinton St & Polk St,Divvy,node,,,,,,,,,,,,,,
6903423194,POINT (-87.6545397 41.8840181),bicycle_rental,,,Aberdeen St & Randolph St,Divvy,node,,,,,,,,,,,,,,
6903425077,POINT (-87.63943310000001 41.8703544),bicycle_rental,,,Canal St & Taylor St,Divvy,node,,,,,,,,,,,,,,
6903425589,POINT (-87.6691886 41.8729344),bicycle_rental,,,Paulina St & Flournoy St,Divvy,node,,,,,,,,,,,,,,
6903428429,POINT (-87.68628870000001 41.8684773),bicycle_rental,,,Western Ave & Fillmore St,Divvy,node,,,,,,,,,,,,,,
6903428798,POINT (-87.68647300000001 41.8749164),bicycle_rental,,,Western Ave & Congress Pkwy,Divvy,node,,,,,,,,,,,,,,
6912620249,POINT (-87.67130160000001 41.8898707),bicycle_rental,,,Wood St & Hubbard St,Divvy,node,,,,,,,,,,,,,,
6912658166,POINT (-87.6796015 41.9756301),bicycle_rental,,,Damen Ave & Foster Ave,Divvy,node,,,,,,,,,,,,,,
6912665827,POINT (-87.69246560000001 41.9613869),bicycle_rental,,,Campbell Ave & Montrose Ave,Divvy,node,,,,,,,,,,,,,,
6912666222,POINT (-87.6924131 41.9748907),bicycle_rental,,,Lincoln Ave & Winona St,Divvy,node,,,,,,,,,,,,,,
6912671292,POINT (-87.6777917 41.9797593),bicycle_rental,,,Winchester Ave & Balmoral Ave,Divvy,node,,,,,,,,,,,,,,
6912675710,POINT (-87.6819088 41.9797113),bicycle_rental,,,Hoyne Ave & Balmoral Ave,Divvy,node,,,,,,,,,,,,,,
6912680133,POINT (-87.68490610000001 41.9631283),bicycle_rental,,,Lincoln Ave & Sunnyside Ave,Divvy,node,,,,,,,,,,,,,,
6912684145,POINT (-87.6961627 41.9687357),bicycle_rental,,,Washtenaw Ave & Lawrence Ave,Divvy,node,,,,,,,,,,,,,,
6912684924,POINT (-87.7014957 41.9755321),bicycle_rental,,,Francisco Ave & Foster Ave,Divvy,node,,,,,,,,,,,,,,
6945742365,POINT (-87.62920370000001 41.8767276),bicycle_rental,,,Dearborn St & Van Buren St,Divvy,node,,,,,,,,,,,,,,
6945759163,POINT (-87.6319462 41.8793188),bicycle_rental,,,LaSalle St & Adams St,Divvy,node,,,,,,,,,,,,,,
6945760558,POINT (-87.6354505 41.879441),bicycle_rental,,,Franklin St & Adams St,Divvy,node,,,,,,,,,,,,,,
6945761051,POINT (-87.63522020000001 41.8805205),bicycle_rental,,,Franklin St & Monroe St,Divvy,node,,,,,,,,,,,,,,
6945769587,POINT (-87.63315900000001 41.8749588),bicycle_rental,,,Financial Pl & Ida B Wells Dr,Divvy,node,,,,,,,,,,,,,,
6945782214,POINT (-87.6296672 41.8721705),bicycle_rental,,,Federal St & Polk St,Divvy,node,,,,,,,,,,,,,,
6945784517,POINT (-87.62572969999999 41.8794857),bicycle_rental,,,Wabash Ave & Adams St,Divvy,node,,,,,,,,,,,,,,
6951658884,POINT (-87.6265028 41.8527676),bicycle_rental,,,Wabash Ave & Cermak Rd,Divvy,node,,,,,,,,,,,,,,
6951659648,POINT (-87.619241 41.8542637),bicycle_rental,,,Calumet Ave & 21st St,Divvy,node,,,,,,,,,,,,,,
6951701126,POINT (-87.6257873 41.8603805),bicycle_rental,,,Wabash Ave & 16th St,Divvy,node,,,,,,,,,,,,,,
6951712716,POINT (-87.612718 41.8585856),bicycle_rental,,,Burnham Harbor,Divvy,node,,,,,,,,,,,,,,
6952105780,POINT (-87.6343789 41.9032588),bicycle_rental,,,Wells St & Elm St,Divvy,node,,,,,,,,,,,,,,
6952116753,POINT (-87.6260843 41.8901664),bicycle_rental,,,Rush St & Hubbard St,Divvy,node,,,,,,,,,,,,,,
6952121736,POINT (-87.61783200000001 41.8944402),bicycle_rental,,,McClurg Ct & Erie St,Divvy,node,,,,,,,,,,,,,,
6952123265,POINT (-87.6278233 41.9023562),bicycle_rental,,,Rush St & Cedar St,Divvy,node,,,,,,,,,,,,,,
6952140093,POINT (-87.63551219999999 41.89107),bicycle_rental,,,Franklin St & Illinois St,Divvy,node,,,,,,,,,,,,,,
6952147046,POINT (-87.64851659999999 41.8993921),bicycle_rental,,,Halsted St & North Branch St,Divvy,node,,,,,,,,,,,,,,
6952147089,POINT (-87.62584289999999 41.8957713),bicycle_rental,,,Rush St & Superior St,Divvy,node,,,,,,,,,,,,,,
6952148520,POINT (-87.6262337 41.9069444),bicycle_rental,,,Ritchie Ct & Banks St,Divvy,node,,,,,,,,,,,,,,
6952149748,POINT (-87.6219577 41.8986266),bicycle_rental,,,Mies van der Rohe Way & Chestnut St,Divvy,node,,,,,,,,,,,,,,
6952149749,POINT (-87.6293635 41.8940108),bicycle_rental,,,Dearborn St & Erie St,Divvy,node,,,,,,,,,,,,,,
6952149798,POINT (-87.642931 41.9002824),bicycle_rental,,,Larrabee St & Oak St,Divvy,node,,,,,,,,,,,,,,
6952152297,POINT (-87.6383309 41.8892077),bicycle_rental,,,Kingsbury St & Kinzie St,Divvy,node,,,,,,,,,,,,,,
6952152298,POINT (-87.63755690000001 41.8981928),bicycle_rental,,,Orleans St & Chestnut St (NEXT Apts),Divvy,node,,,,,,,,,,,,,,
6952156585,POINT (-87.6557495 41.9072238),bicycle_rental,,,Cherry St & Blackhawk St,Divvy,node,,,,,,,,,,,,,,
6967186600,POINT (-87.67789759999999 41.9319334),bicycle_rental,,,Damen Ave & Clybourn Ave,Divvy,node,,,,,,,,,,,,,,
6967191383,POINT (-87.6358788 41.9240178),bicycle_rental,,,Lincoln Park Conservatory,Divvy,node,,,,,,,,,,,,,,
6974073149,POINT (-87.68334249999999 41.9466311),bicycle_rental,,,Leavitt St & Addison St,Divvy,node,,,,,,,,,,,,,,
6974088703,POINT (-87.68616590000001 41.9544437),bicycle_rental,,,Oakley Ave & Irving Park Rd,Divvy,node,,,,,,,,,,,,,,
6974088836,POINT (-87.69498129999999 41.946593),bicycle_rental,,,Talman Ave & Addison St,Divvy,node,,,,,,,,,,,,,,
6974089069,POINT (-87.6876091 41.9430283),bicycle_rental,,,Western Ave & Roscoe St,Divvy,node,,,,,,,,,,,,,,
6974094168,POINT (-87.68325969999999 41.9393726),bicycle_rental,,,Leavitt St & Belmont Ave,Divvy,node,,,,,,,,,,,,,,
6974094169,POINT (-87.6752341 41.9488215),bicycle_rental,,,Lincoln Ave & Waveland Ave,Divvy,node,,,,,,,,,,,,,,
6974095388,POINT (-87.6759046 41.9613717),bicycle_rental,,,Wolcott (Ravenswood) Ave & Montrose Ave,Divvy,node,,,,,,,,,,,,,,
7049785653,POINT (-87.6545349 41.944504),bicycle_rental,,,Clark St & Newport Ave,Divvy,node,,,,,,,,,,,,,,
7049786309,POINT (-87.65451899999999 41.9491906),bicycle_rental,,,Sheffield Ave & Waveland Ave,Divvy,node,,,,,,,,,,,,,,
7049789449,POINT (-87.6464153 41.9493875),bicycle_rental,,,Pine Grove Ave & Waveland Ave,Divvy,node,,,,,,,,,,,,,,
7049794645,POINT (-87.6487018 41.9490759),bicycle_rental,,,Broadway & Waveland Ave,Divvy,node,,,,,,,,,,,,,,
7049798857,POINT (-87.65920680000001 41.9506832),bicycle_rental,,,Clark St & Grace St,Divvy,node,,,,,,,,,,,,,,
7076785302,POINT (-87.6453951 41.9657729),bicycle_rental,,,Lakefront Trail & Wilson Ave,Divvy,node,,,,,,,,,,,,,,
7076789290,POINT (-87.6576956 41.9688973),bicycle_rental,,,Winthrop Ave & Lawrence Ave,Divvy,node,,,,,,,,,,,,,,
7076795216,POINT (-87.6502539 41.9717756),bicycle_rental,,,Marine Dr & Ainslie St,Divvy,node,,,,,,,,,,,,,,
7080062775,POINT (-87.6521048 41.9841182),bicycle_rental,,,Lakefront Trail & Bryn Mawr Ave,Divvy,node,,,,,,,,,,,,,,
7080065689,POINT (-87.66917410000001 41.9835486),bicycle_rental,,,Clark St & Bryn Mawr Ave,Divvy,node,,,,,,,,,,,,,,
7080065854,POINT (-87.6697396 41.9907535),bicycle_rental,,,Clark St & Elmdale Ave,Divvy,node,,,,,,,,,,,,,,
7080066227,POINT (-87.6681731 41.9779636),bicycle_rental,,,Clark St & Berwyn Ave,Divvy,node,,,,,,,,,,,,,,
7080070805,POINT (-87.6603595 41.9948267),bicycle_rental,,,Broadway & Granville Ave,Divvy,node,,,,,,,,,,,,,,
7080073285,POINT (-87.6601596 41.9897271),bicycle_rental,,,Broadway & Thorndale Ave,Divvy,node,,,,,,,,,,,,,,
7147491389,POINT (-87.7310512 41.9462508),bicycle_rental,,,Addison St & Kedvale Ave,Divvy,node,,,,,,,,,,,,,,
